{
    "Video 1": {
        "Cadence": 2.614678899082569,
        "Average VO": 31.773704528808594,
        "Left Knee Flexion": [
            142.59237670898438,
            160.95489501953125,
            143.9185333251953,
            145.77090454101562,
            147.57481384277344,
            148.14796447753906,
            143.77845764160156,
            141.805908203125,
            141.6619110107422,
            139.4492645263672,
            168.91357421875,
            159.86196899414062,
            142.04417419433594,
            155.89398193359375,
            146.80409240722656,
            162.13526916503906,
            148.54281616210938,
            164.1971435546875,
            165.9290771484375
        ],
        "Right Knee Flexion": [
            173.0710906982422,
            169.60557556152344,
            132.1404571533203,
            130.69076538085938,
            162.84719848632812,
            151.201904296875,
            144.71849060058594,
            133.39158630371094,
            132.98558044433594,
            124.06822204589844,
            153.88021850585938,
            139.5727996826172,
            148.79022216796875,
            126.5589828491211,
            107.870849609375,
            133.71438598632812,
            102.52301788330078,
            143.9026641845703,
            157.55776977539062
        ],
        "Left Tibial Angles": [
            0.2670501470565796,
            -0.06277334690093994,
            0.33735954761505127,
            0.3500615358352661,
            0.22390389442443848,
            0.21279418468475342,
            0.25743210315704346,
            0.3612159490585327,
            0.5276933908462524,
            0.48334193229675293,
            -0.1812605857849121,
            0.01057577133178711,
            0.4334099292755127,
            0.10086941719055176,
            0.19749438762664795,
            -0.15116345882415771,
            0.16393756866455078,
            -0.15637874603271484,
            -0.16599488258361816
        ],
        "Right Tibial Angles": [
            0.1053084135055542,
            -0.07237064838409424,
            0.7144461274147034,
            0.6616301536560059,
            -0.026979923248291016,
            0.35345709323883057,
            0.48948609828948975,
            0.6570087671279907,
            0.6445481181144714,
            0.7588551044464111,
            0.27234363555908203,
            0.5442759990692139,
            -0.014777302742004395,
            0.7175166010856628,
            0.8372196555137634,
            0.6865265965461731,
            1.0064764022827148,
            0.3357452154159546,
            0.6355188488960266
        ],
        "Left Ankle Hip Offset": [
            14.348663330078125,
            67.14352416992188,
            10.094390869140625,
            17.253662109375,
            14.582977294921875,
            18.8148193359375,
            12.97509765625,
            7.6441650390625,
            62.460174560546875,
            42.488433837890625,
            82.36849975585938,
            47.43878173828125,
            35.40753173828125,
            34.30157470703125,
            27.93603515625,
            86.95272827148438,
            29.514007568359375,
            86.79803466796875,
            84.76885986328125
        ],
        "Right Ankle Hip Offset": [
            14.730224609375,
            45.975830078125,
            77.070556640625,
            60.723114013671875,
            52.867431640625,
            33.36956787109375,
            49.434417724609375,
            61.808929443359375,
            68.46377563476562,
            46.2562255859375,
            15.8499755859375,
            54.431976318359375,
            79.011962890625,
            60.57086181640625,
            28.7625732421875,
            76.1019287109375,
            55.438873291015625,
            5.18231201171875,
            128.7481689453125
        ],
        "Left Trunk Angles": [
            173.65585327148438,
            172.01731872558594,
            182.85678100585938,
            182.18612670898438,
            178.2560577392578,
            181.16575622558594,
            180.8203582763672,
            180.27268981933594,
            185.13307189941406,
            186.2578582763672,
            176.1904296875,
            178.78907775878906,
            186.27255249023438,
            176.64834594726562,
            178.03738403320312,
            175.90541076660156,
            184.28604125976562,
            179.2335205078125,
            177.9244842529297
        ],
        "Right Trunk Angles": [
            184.71395874023438,
            184.22802734375,
            191.5461883544922,
            185.62879943847656,
            177.96351623535156,
            185.48886108398438,
            185.9821014404297,
            185.94017028808594,
            190.82272338867188,
            193.9678497314453,
            185.80162048339844,
            186.68719482421875,
            173.1169891357422,
            190.7346954345703,
            188.5225372314453,
            190.45179748535156,
            193.45318603515625,
            184.48526000976562,
            184.3689727783203
        ],
        "Left Ankle Velocities": [
            7.774261474609375,
            2.36456298828125,
            4.63470458984375,
            2.5869140625,
            5.3428955078125,
            5.350494384765625,
            6.458465576171875,
            0.45556640625,
            4.789093017578125,
            4.8045654296875,
            15.57958984375,
            12.671478271484375,
            5.455352783203125,
            20.790069580078125,
            20.981536865234375,
            25.783538818359375,
            10.196075439453125,
            22.826385498046875,
            19.69720458984375
        ],
        "Right Ankle Velocities": [
            0.161224365234375,
            5.64349365234375,
            15.995025634765625,
            12.472412109375,
            11.57867431640625,
            4.29779052734375,
            12.276458740234375,
            9.516204833984375,
            15.1153564453125,
            8.754302978515625,
            22.814239501953125,
            9.004913330078125,
            6.892333984375,
            27.0091552734375,
            9.445465087890625,
            30.11932373046875,
            4.706756591796875,
            5.2813720703125,
            14.842926025390625
        ],
        "Left Ankle Approach Angles": [
            -0.12923865020275116,
            0.34977099299430847,
            0.2475273162126541,
            -0.029336759820580482,
            0.2797117531299591,
            0.3802592158317566,
            0.5921527743339539,
            0.6868410706520081,
            0.12478978931903839,
            0.18788492679595947,
            1.4957789182662964,
            2.089320421218872,
            0.18546611070632935,
            3.0355687141418457,
            0.6908290982246399,
            2.853949546813965,
            0.5207128524780273,
            2.034001588821411,
            2.4348256587982178
        ],
        "Right Ankle Approach Angles": [
            -0.07509773224592209,
            0.8091545701026917,
            -0.4250776469707489,
            -0.23703302443027496,
            3.0131824016571045,
            -0.0558600015938282,
            -0.5070652365684509,
            -0.36466291546821594,
            1.8742125034332275,
            -0.24124282598495483,
            2.5638697147369385,
            -0.1897900402545929,
            2.6215076446533203,
            0.04763030260801315,
            -0.07466539740562439,
            1.0804307460784912,
            1.6912468671798706,
            1.0497294664382935,
            -0.21755290031433105
        ],